{"_default": {"2": {"id": 0, "pose": [[0.6408229417385385], [0.5436374624364158], [5.9411764705882355]]}, "3": {"id": 123, "pose": [1.0, 2.0, 3.0], "sigma": [[4.0, 0, 0], [0, 5.0, 0], [0, 0, 6.0]]}}}