{"_default": {"1": {"id": 123, "pose": [3.365581639491756, -3.0024702606307496, 7.161932916980226], "sigma": [[0.11833653599023819, 0.04410041868686676, 0.04945444315671921], [0.04410044848918915, 0.03303603082895279, 0.03299146145582199], [0.04945444315671921, 0.03299146145582199, 0.07305894792079926]], "eigenvalues": [0.13703684508800507, 0.014335714280605316], "eigenvectors": [[0.9206489324569702, 0.39039146900177], [-0.3903912305831909, 0.9206490516662598]]}}}