{"_default": {"1": {"id": 123, "pose": [3.557071079093719, 1.954293296008084, 2.2287619910806034], "sigma": [[13.634841918945312, 369.3922424316406, 1694.090576171875], [369.3922424316406, 11174.5302734375, 51243.90625], [1694.0906982421875, 51243.90234375, 234995.4375]]}}}