{"_default": {"2": {"id": 0, "pose": [[0.6408229417385385], [0.5436374624364158], [5.9411764705882355]]}}}